Session Id,Landing,Login,Product_Cat,Filter,Product_Selection,Product_Features,Reviews,QnA,Product_info,Product_Wishlist_Keep,Product_Wishlist_Del,New_account,Check_Cart,Del_cart,Pay_Ship_info,Cancel_order,Rating,Ask_Ques,Ans_Ques,Supplier_review,Membership,Logout,Purchase_conf
1,0,1,1,0,0,1,0,0,0,0,1,0,0,0,1,0,1,1,0,1,1,0,1
2,0,0,1,1,0,1,1,0,0,1,1,0,1,0,0,0,1,1,1,1,0,0,0
3,0,0,0,0,0,1,0,0,0,1,1,0,0,1,0,1,1,1,1,1,1,1,0
4,0,1,0,1,1,0,0,1,0,1,0,1,0,1,0,0,1,1,0,0,0,0,0
5,0,1,1,0,1,1,0,1,0,1,0,1,1,1,1,0,0,1,0,1,1,1,1
6,0,1,0,0,0,0,1,1,0,1,0,1,1,1,1,0,0,0,0,1,1,1,1
7,1,0,0,1,0,1,1,1,0,1,1,0,1,1,1,0,0,1,1,0,1,0,0
8,1,0,0,1,0,1,1,1,1,1,0,0,0,1,1,1,0,0,0,1,0,1,1
9,0,1,1,0,1,0,1,0,1,1,1,1,0,1,1,0,0,0,0,1,0,0,1
10,0,0,1,1,0,1,1,0,1,1,0,0,1,1,1,1,1,0,1,1,1,1,0
11,1,1,1,1,0,1,0,1,0,0,0,1,1,0,0,1,0,0,0,1,0,0,0
12,1,0,1,1,0,1,0,0,1,0,1,1,1,1,0,1,0,0,0,0,0,1,0
13,1,0,0,0,0,0,1,0,1,0,0,1,1,0,1,1,0,1,0,0,0,1,1
14,0,1,1,1,0,0,0,0,1,0,1,1,1,0,1,0,0,1,0,1,1,0,1
15,0,1,0,1,0,1,0,1,0,0,0,0,1,0,1,0,0,1,0,0,0,0,0
16,1,1,0,1,1,0,1,1,0,1,0,1,1,0,0,1,0,0,0,1,0,0,0
17,1,1,0,0,1,0,1,0,1,1,1,0,0,0,0,1,0,0,1,1,0,1,0
18,1,0,0,0,0,1,0,1,0,0,1,1,1,0,1,1,1,1,1,0,1,1,1
19,1,0,0,0,1,1,1,1,0,1,0,0,0,1,0,0,0,1,0,1,1,0,0
20,1,1,1,0,1,0,1,1,1,1,0,1,0,0,1,1,1,0,0,1,0,0,1
21,1,1,0,0,1,1,1,0,0,1,1,1,0,1,1,1,0,0,1,1,0,0,0
22,0,0,0,0,0,0,0,0,1,1,0,1,0,1,1,1,1,1,1,1,0,0,1
23,0,0,0,0,1,1,0,1,1,0,1,0,0,0,1,0,0,0,1,0,1,0,0
24,0,0,0,0,0,1,0,1,1,0,0,0,1,0,1,1,0,1,0,1,1,0,1
25,0,0,0,1,0,0,0,0,1,1,1,1,1,1,0,1,1,0,0,0,1,1,0
26,0,0,0,1,1,1,0,1,0,1,1,0,0,0,1,0,1,0,1,1,0,0,0
27,0,0,1,1,0,0,1,1,1,1,0,1,0,1,1,0,1,0,1,0,0,1,1
28,1,0,0,0,0,0,0,1,0,1,0,1,1,1,0,0,1,1,0,0,1,0,0
29,0,0,0,0,0,0,1,0,1,0,1,1,1,1,0,1,1,1,0,0,1,0,0
30,1,1,0,1,0,0,1,1,1,1,1,1,0,1,0,1,1,0,1,1,0,0,0
31,0,1,1,1,0,0,0,1,0,0,1,0,1,0,0,1,1,0,0,0,1,1,0
32,1,1,0,1,0,1,0,0,1,1,0,1,0,0,1,0,1,1,0,0,0,1,1
33,0,1,0,1,1,0,0,1,0,0,0,1,0,1,0,0,1,1,0,1,1,0,0
34,1,0,0,0,1,0,0,1,1,0,1,1,0,1,1,1,0,1,1,0,0,1,0
35,1,0,1,1,1,0,0,0,0,0,1,0,1,1,1,1,0,0,0,0,1,1,1
36,0,1,1,1,0,0,0,1,0,1,0,1,0,1,0,0,1,0,1,1,1,0,0
37,1,0,1,1,0,0,0,1,0,1,1,0,0,1,1,0,1,1,0,1,1,1,1
38,0,1,1,0,0,0,0,1,0,1,0,0,0,0,1,1,1,0,0,0,0,1,0
39,1,1,0,1,1,0,0,1,0,0,1,1,1,0,1,1,1,1,1,0,0,0,1
40,1,0,1,1,1,0,1,1,0,0,1,0,0,1,1,1,1,1,1,0,1,1,0
41,0,0,1,0,0,0,1,0,0,0,0,1,1,1,1,0,1,1,1,1,1,0,1
42,0,0,0,1,1,1,1,0,1,0,0,1,0,0,1,0,1,1,1,0,0,1,1
43,1,0,1,0,1,0,0,1,1,1,0,1,1,1,1,0,0,0,1,1,1,0,0
44,1,1,1,1,0,0,1,1,1,1,0,0,1,1,1,0,1,0,1,0,1,1,1
45,1,0,1,0,0,0,0,0,1,1,1,0,1,1,0,1,0,0,0,0,0,1,0
46,1,0,1,1,0,1,0,0,1,0,0,0,1,1,1,1,0,1,1,0,1,0,1
47,0,0,1,1,1,1,0,0,0,0,0,1,1,1,1,1,1,0,0,0,1,1,0
48,0,0,1,1,1,1,0,1,0,0,0,1,1,1,1,0,1,0,1,1,0,1,1
49,0,0,0,1,1,0,1,0,1,1,1,1,0,1,0,1,0,1,1,1,1,0,0
50,1,1,0,1,1,1,1,1,0,0,1,1,0,1,0,0,1,0,1,0,1,0,0
51,1,0,0,0,0,1,0,0,0,0,0,1,0,0,0,1,0,0,0,0,1,1,0
52,1,0,1,1,1,1,1,0,0,0,0,1,0,1,0,0,1,1,0,0,1,1,0
53,1,1,0,0,1,0,1,1,1,1,1,1,1,1,1,1,0,1,1,1,1,0,1
54,1,0,0,0,0,0,1,0,1,1,0,0,1,1,0,0,1,0,0,1,0,0,0
55,1,1,0,1,0,0,0,0,0,0,0,0,1,1,0,0,1,1,1,0,1,0,0
56,1,1,1,1,1,1,0,1,1,1,0,1,0,1,1,0,0,0,1,0,0,1,1
57,0,1,1,1,1,1,0,0,0,1,1,0,0,1,0,1,1,0,1,0,0,1,0
58,1,1,1,1,1,1,0,1,0,1,0,1,0,1,0,0,1,1,0,0,1,1,0
59,0,1,0,0,1,1,0,1,1,1,1,1,0,0,0,0,1,1,0,1,0,1,0
60,1,1,0,1,0,0,0,1,0,1,1,0,1,0,0,1,0,0,0,1,1,1,0
61,0,1,0,1,0,0,0,0,0,1,1,1,0,0,0,0,1,1,1,0,1,1,0
62,0,0,0,1,0,1,0,1,1,0,1,1,1,1,0,0,1,1,1,1,0,1,0
63,1,1,1,1,1,1,0,1,1,0,0,1,1,1,0,1,0,0,0,0,1,1,0
64,0,1,1,0,0,0,1,1,0,1,0,0,1,1,1,0,1,0,0,1,1,0,0
65,1,0,1,1,0,1,0,0,0,0,0,0,1,0,0,0,0,1,0,1,0,0,0
66,0,1,1,0,1,1,1,1,0,0,1,0,1,1,0,1,0,1,1,1,0,0,0
67,0,0,1,0,1,0,0,0,1,1,0,0,0,0,1,1,1,0,0,1,1,0,1
68,1,1,0,0,0,0,1,1,1,0,1,1,0,1,1,0,1,0,0,0,0,0,1
69,0,1,0,0,1,1,0,1,0,1,1,1,1,1,0,0,1,0,1,1,0,0,0
70,1,0,0,1,1,0,0,1,1,1,0,0,1,1,1,1,1,0,0,1,0,0,1
71,0,1,0,1,0,1,0,0,0,1,1,0,1,0,1,1,0,1,1,1,1,0,0
72,1,0,0,1,1,0,0,1,1,1,1,1,1,0,0,1,1,1,1,1,1,0,0
73,1,0,0,1,1,1,1,0,1,0,0,1,1,1,1,1,1,0,0,1,1,1,1
74,0,0,1,0,0,1,0,1,0,1,0,1,1,1,0,1,1,1,1,0,0,1,0
75,1,0,1,1,1,0,1,0,1,1,0,1,0,1,1,1,1,0,0,1,0,1,1
76,0,0,0,0,0,0,0,0,0,1,0,0,0,0,1,1,1,1,1,1,0,1,0
77,0,0,0,1,0,1,0,0,1,0,0,1,0,0,0,0,1,1,0,1,0,0,0
78,1,1,1,0,1,0,1,0,1,0,0,1,0,1,0,1,0,1,1,1,1,1,0
79,1,0,0,1,1,0,0,0,1,0,1,1,0,0,0,1,1,0,0,1,1,0,0
80,1,0,0,0,1,0,0,1,0,0,1,0,1,1,1,0,0,1,0,0,0,0,1
81,0,0,0,1,0,0,0,0,1,1,1,1,1,1,0,0,0,0,0,0,0,0,0
82,0,0,0,0,1,0,1,0,0,0,0,1,1,0,0,0,0,0,1,1,0,1,0
83,1,1,1,1,1,0,1,0,1,0,1,0,1,1,1,1,1,1,1,1,1,1,1
84,1,0,0,0,0,0,0,0,0,1,0,0,1,1,1,1,0,1,0,1,0,0,0
85,1,1,1,1,0,0,0,0,0,0,1,1,1,0,1,1,0,1,0,0,0,1,1
86,0,1,1,1,0,1,1,0,1,1,0,1,0,0,1,1,0,1,1,0,1,0,0
87,0,1,0,1,1,1,0,1,1,0,0,0,1,0,1,1,0,0,0,1,0,1,1
88,1,0,0,0,1,1,1,0,1,1,1,0,1,1,1,0,1,0,1,1,1,1,1
89,0,1,0,1,1,0,1,0,1,0,0,0,0,0,0,0,1,1,1,0,0,1,0
90,1,1,0,1,0,0,0,1,0,0,0,1,0,1,1,1,1,0,0,0,0,0,0
91,1,1,1,1,0,0,0,0,0,1,0,0,1,1,0,1,1,0,1,1,1,1,0
92,0,0,0,0,0,0,0,0,0,1,1,1,0,1,1,1,0,0,1,1,0,1,1
93,1,1,0,0,0,0,1,0,1,1,0,0,1,1,1,0,1,0,1,0,1,0,0
94,1,0,1,0,0,1,0,0,0,0,0,0,1,1,0,0,1,0,1,0,1,1,0
95,0,0,0,1,0,1,1,0,0,0,0,0,0,0,0,0,0,0,0,1,0,1,0
96,0,0,1,0,1,1,0,1,1,0,0,0,0,0,0,1,0,1,1,1,1,1,0
97,0,0,1,0,1,1,0,1,0,1,1,1,0,1,1,1,0,0,0,0,0,0,0
98,0,1,0,0,1,1,0,1,0,1,1,0,0,1,0,0,1,1,1,1,0,1,0
99,0,0,0,1,0,0,1,0,0,1,1,1,1,1,1,0,1,0,0,1,0,1,1
100,0,0,1,0,1,0,1,0,0,0,1,1,0,1,1,1,1,1,0,0,1,0,1
101,1,0,1,1,0,0,0,0,1,1,1,1,1,1,0,1,1,0,1,1,0,1,0
102,0,0,0,1,0,0,1,0,1,1,0,0,1,1,1,1,1,0,0,0,1,1,0
103,1,1,1,0,1,0,0,1,0,1,0,1,0,0,0,0,0,0,1,0,0,0,0
104,0,0,0,0,1,0,1,0,1,1,0,0,1,1,1,0,0,0,0,1,0,0,0
105,1,1,1,0,1,0,1,0,1,0,0,0,1,1,1,1,1,0,0,1,0,0,0
106,1,0,0,0,1,1,0,0,0,1,0,0,1,1,1,0,0,0,1,1,1,0,1
107,1,0,1,1,0,0,1,0,1,1,1,0,1,1,0,1,1,0,0,0,0,1,0
108,0,0,0,0,1,0,0,1,0,1,0,1,0,1,0,1,0,0,1,1,1,1,0
109,0,0,1,0,1,1,1,0,1,1,1,0,0,1,0,0,1,1,0,1,1,1,0
110,1,1,1,1,0,1,0,0,1,1,0,1,0,1,0,0,1,1,0,1,1,0,0
111,0,0,1,1,0,0,1,0,1,1,0,1,1,0,1,0,0,1,1,1,1,0,1
112,1,1,1,1,1,0,0,1,0,0,0,1,0,1,1,1,0,1,1,1,0,1,0
113,1,1,1,1,0,1,0,1,1,0,1,0,0,0,0,0,1,1,0,1,0,0,0
114,0,0,1,0,1,1,1,1,1,0,0,0,0,0,1,0,1,0,1,0,1,1,0
115,0,1,0,1,1,0,0,1,0,0,0,0,0,1,1,1,0,0,1,1,0,0,1
116,0,1,0,1,0,1,0,1,0,0,1,0,1,1,1,1,0,0,1,0,0,1,1
117,0,1,0,1,1,1,1,1,0,0,0,1,1,1,1,1,0,0,0,0,0,0,1
118,0,0,1,0,1,1,1,1,0,1,1,0,1,0,0,1,1,0,1,1,1,0,0
119,1,0,0,1,0,1,0,1,0,1,1,0,1,1,1,0,1,0,1,0,1,0,0
120,1,0,1,0,1,1,0,1,1,1,0,1,0,0,1,1,1,1,0,0,1,1,0
121,0,1,0,0,1,1,0,1,1,0,1,0,1,1,0,0,0,0,0,0,1,1,0
122,1,1,0,0,1,1,0,0,0,0,0,0,0,0,1,1,0,1,0,1,1,1,1
123,1,0,0,0,1,0,0,0,0,1,0,0,0,0,0,0,0,1,0,0,1,0,0
124,1,0,1,1,0,1,0,1,1,0,0,1,0,0,1,1,1,0,1,0,0,0,1
125,0,1,0,1,0,1,1,1,1,1,1,1,1,0,1,1,1,0,1,1,1,0,1
126,0,1,0,0,1,0,1,1,1,1,0,0,0,1,1,1,0,1,0,1,1,0,0
127,0,0,0,0,1,1,1,0,0,0,0,1,0,0,1,0,0,0,0,0,1,1,1
128,0,1,1,1,0,0,0,0,0,1,0,1,1,1,1,0,1,0,0,1,0,1,1
129,1,1,0,1,0,0,0,0,1,0,1,1,1,0,0,0,1,0,0,0,1,0,0
130,1,0,1,1,1,1,1,0,0,1,1,1,1,0,0,1,1,1,0,0,1,1,0
131,1,1,0,1,0,0,0,1,0,0,1,1,1,1,1,0,0,0,1,1,1,1,1
132,0,0,1,1,1,0,0,0,1,1,1,1,0,0,0,1,0,0,1,1,1,1,0
133,1,0,1,0,0,1,0,0,1,1,1,1,0,1,0,0,1,0,1,0,1,0,0
134,0,0,0,1,0,1,0,0,0,1,1,1,0,1,0,1,1,0,1,1,1,1,0
135,0,0,1,1,0,1,0,0,0,0,0,0,1,1,1,0,0,1,0,1,0,1,0
136,0,1,1,0,0,1,0,0,1,0,0,0,1,0,0,1,0,0,1,0,0,1,0
137,1,1,0,0,0,0,1,0,1,1,1,1,1,1,1,1,1,1,0,0,0,0,1
138,1,0,0,1,0,0,1,0,0,1,1,1,0,0,1,1,1,1,1,0,0,0,1
139,0,0,0,1,0,0,0,1,0,0,1,1,0,0,0,0,0,1,1,0,1,1,0
140,0,1,1,1,0,0,1,0,1,1,1,0,1,1,0,0,1,1,0,1,0,0,0
141,0,1,0,0,1,0,0,1,0,1,0,1,0,1,0,0,1,1,1,1,1,1,0
142,0,0,1,0,0,0,1,1,1,0,1,0,1,0,0,1,1,0,1,0,1,1,0
143,0,1,0,0,0,1,0,0,1,0,1,0,0,1,1,0,1,1,0,0,0,0,1
144,1,0,0,1,0,0,1,0,1,1,0,0,0,1,1,0,0,0,0,0,0,1,0
145,0,1,0,0,0,1,1,1,1,1,1,1,1,0,0,0,0,0,0,0,1,1,0
146,0,0,0,1,1,0,0,0,1,1,1,0,1,0,1,1,1,1,1,0,0,1,1
147,1,1,0,1,0,1,1,1,0,0,1,1,0,1,1,1,0,0,0,1,1,0,1
148,1,1,0,1,0,1,0,1,1,1,1,0,1,0,0,0,0,0,1,1,1,0,0
149,0,1,1,1,1,1,0,0,0,0,1,1,1,0,1,0,0,0,0,1,0,1,1
150,1,1,0,0,0,1,1,1,0,1,0,0,0,1,0,1,0,0,0,1,0,0,0
151,0,1,0,1,0,0,0,0,0,1,0,1,1,0,1,0,0,1,0,0,0,0,1
152,0,0,1,0,0,1,1,1,1,1,1,1,0,0,0,0,0,0,0,0,1,1,0
153,1,1,1,0,1,1,0,1,0,0,1,0,1,0,0,0,0,0,1,1,1,1,0
154,1,1,1,0,0,0,1,0,0,0,1,1,1,0,0,1,0,1,0,1,0,0,0
155,0,1,1,1,0,0,1,1,0,0,1,1,0,1,0,1,1,0,0,1,0,0,0
156,0,1,1,0,0,0,1,1,0,0,0,0,1,0,1,1,0,0,0,0,1,0,0
157,0,0,1,1,1,0,1,0,0,0,0,1,0,1,1,1,1,1,1,1,1,0,1
158,0,1,0,0,1,0,0,0,1,1,1,0,0,0,1,0,0,0,0,1,0,0,1
159,1,1,1,1,1,1,1,0,1,1,1,0,0,0,0,0,0,1,1,0,1,0,0
160,0,0,1,1,1,1,0,1,0,0,1,0,0,0,0,0,1,0,1,1,1,0,0
161,0,1,0,1,0,1,1,0,0,0,0,1,0,0,0,1,1,0,0,0,1,1,0
162,1,1,0,1,1,0,1,0,0,1,1,0,0,0,1,1,1,0,1,1,1,1,1
163,1,1,0,1,0,0,1,1,1,1,1,0,0,1,0,0,0,0,1,0,0,1,0
164,0,1,1,0,0,0,1,1,1,1,0,0,0,1,1,1,1,1,0,1,0,0,0
165,0,0,0,0,0,1,1,1,0,1,1,0,0,1,0,1,1,0,0,0,0,1,0
166,1,0,1,0,1,1,0,1,0,1,0,1,0,0,1,0,0,0,1,0,1,1,1
167,0,1,0,0,0,1,0,0,1,0,1,0,0,1,1,0,0,1,1,0,1,0,1
168,0,1,1,0,1,0,1,1,0,1,1,0,1,1,1,1,1,1,1,1,0,1,0
169,1,1,1,1,1,0,0,1,1,0,1,1,1,0,1,0,1,1,0,1,1,0,1
170,1,0,1,1,0,1,0,0,0,0,1,1,0,0,0,0,0,0,1,1,0,1,0
171,0,1,0,0,1,0,0,0,1,1,1,1,1,1,1,0,0,1,1,1,1,0,1
172,1,1,0,0,1,1,1,1,1,0,1,1,1,0,0,0,1,1,1,1,1,1,0
173,0,0,0,1,1,1,1,0,1,1,0,0,1,0,1,0,1,0,0,0,1,0,1
174,1,0,0,1,0,1,0,0,0,1,0,0,0,0,1,1,0,0,1,1,0,0,1
175,0,1,1,0,1,0,1,0,1,1,0,1,1,1,1,1,1,0,1,1,0,0,0
176,1,1,1,1,0,0,0,0,1,0,1,1,1,1,1,1,0,0,1,0,0,1,1
177,0,1,0,0,1,0,0,1,1,0,1,1,1,1,0,0,1,1,1,0,1,1,0
178,0,0,0,0,0,1,0,1,1,1,0,0,0,1,1,1,0,0,1,1,0,0,1
179,1,1,0,1,0,1,1,1,0,1,1,0,1,0,0,0,1,1,0,1,1,1,0
180,1,0,0,1,1,1,1,1,1,1,0,1,0,1,0,0,1,0,0,1,1,0,0
181,0,0,1,0,0,1,1,0,0,0,1,1,0,0,1,0,0,0,0,1,0,0,1
182,0,1,0,1,1,0,0,1,0,1,0,1,0,0,1,0,1,1,0,0,0,1,0
183,1,1,0,0,0,0,1,1,1,0,0,1,1,1,1,1,0,1,0,1,0,1,1
184,0,0,1,1,0,0,0,1,1,1,1,1,0,0,1,0,0,1,0,1,0,0,1
185,0,0,0,0,0,1,0,0,1,0,1,0,1,0,1,0,1,0,1,1,0,1,1
186,0,1,1,0,1,1,1,0,0,1,0,1,1,0,1,0,1,1,1,0,1,0,1
187,0,0,0,1,0,0,1,0,1,0,1,1,1,1,0,0,0,1,0,1,1,0,0
188,0,0,0,1,1,1,1,0,0,1,0,0,1,0,0,0,1,0,0,1,0,0,0
189,1,0,0,0,0,1,0,1,0,0,0,0,0,0,1,0,1,0,0,1,0,1,0
190,0,1,0,0,0,1,0,0,1,0,1,0,0,0,0,0,0,1,0,1,0,0,0
191,1,1,1,0,0,1,0,0,0,1,1,0,0,1,1,1,1,1,0,1,0,1,1
192,1,1,1,0,0,1,0,0,1,1,0,1,1,0,1,0,1,1,1,0,1,0,1
193,1,0,1,0,1,0,0,1,1,1,1,0,1,0,1,0,1,1,0,1,0,0,1
194,0,1,1,1,0,0,1,0,1,1,1,1,1,0,1,1,1,1,1,1,0,0,1
195,0,0,1,1,1,1,0,0,1,0,1,0,0,0,0,0,1,1,1,0,0,0,0
196,1,1,1,1,0,0,0,0,1,0,0,1,1,1,0,1,0,0,1,1,0,0,0
197,0,0,1,1,0,1,1,0,1,0,1,0,1,0,0,0,0,1,1,0,1,1,0
198,0,0,1,0,0,0,1,1,0,0,0,0,0,1,0,1,0,0,0,0,1,1,0
199,1,0,1,1,1,1,0,1,1,0,0,1,1,0,1,0,1,1,0,1,1,0,1
200,0,0,1,0,0,0,0,1,1,0,1,0,1,0,1,1,1,0,0,1,1,0,0
201,1,0,0,0,1,1,0,1,1,1,0,0,1,1,1,0,0,1,1,0,1,1,0
202,0,0,1,0,1,1,0,1,1,1,1,0,0,1,0,1,0,1,1,1,1,0,0
203,1,0,0,0,0,1,1,0,0,0,1,1,0,0,0,1,0,0,0,1,1,1,0
204,1,1,0,1,0,1,0,0,1,0,0,1,1,0,1,1,1,0,0,1,0,1,1
205,0,0,1,0,0,0,1,0,0,0,0,0,1,0,0,0,0,0,0,0,0,0,0
206,1,1,0,0,0,0,0,1,0,0,1,1,1,1,1,0,1,1,1,0,1,1,1
207,0,0,0,1,0,0,1,0,0,0,0,0,1,0,0,0,1,0,1,1,0,1,0
208,1,0,0,1,0,1,1,1,1,1,0,0,1,1,0,0,0,0,0,0,0,0,0
209,1,0,0,0,0,1,0,0,0,1,0,0,0,1,1,1,1,0,0,1,0,1,1
210,0,0,0,0,1,0,0,1,0,0,0,0,1,1,0,1,0,0,0,0,0,0,0
211,0,0,0,1,1,1,0,0,1,0,1,1,1,1,1,1,0,1,1,1,0,1,1
212,0,0,1,1,1,0,1,1,0,1,0,1,1,0,0,0,0,0,0,0,0,0,0
213,1,1,1,1,0,0,1,0,0,0,1,1,1,1,1,0,0,1,0,1,1,0,0
214,1,1,1,1,0,0,0,0,1,1,1,1,1,1,1,1,0,1,1,1,0,0,0
215,0,1,1,1,1,0,0,1,0,0,0,0,0,1,1,0,0,0,0,1,0,0,0
216,1,1,0,1,0,1,1,0,1,1,1,1,0,1,1,1,0,0,0,1,0,1,0
217,0,0,0,0,1,1,0,0,0,1,1,0,0,1,1,0,0,0,0,0,1,1,1
218,1,0,0,0,0,1,1,0,0,0,0,0,1,1,1,1,1,0,0,1,1,0,1
219,0,1,1,0,0,0,0,0,0,1,0,1,1,1,0,1,0,0,0,1,1,1,0
220,1,1,1,1,0,1,1,0,0,1,1,1,0,0,0,0,0,1,0,0,1,1,0
221,0,0,1,1,1,1,0,1,1,1,1,1,1,1,1,0,0,0,0,1,0,0,1
222,1,1,0,1,1,1,0,1,1,1,0,0,0,1,1,0,1,1,1,0,1,0,0
223,1,0,1,1,0,1,0,1,1,0,1,1,1,0,1,0,1,1,0,0,0,0,1
224,0,1,0,1,0,1,1,1,0,1,1,0,1,0,1,0,0,1,1,1,0,0,1
225,0,1,0,0,0,0,0,1,1,1,0,1,1,0,1,1,1,1,1,1,0,1,1
226,1,0,0,0,1,1,0,0,1,1,1,0,1,1,0,0,0,1,0,1,1,1,0
227,1,0,0,0,0,1,1,1,1,1,1,0,1,0,1,1,1,1,1,0,1,0,0
228,0,1,1,0,1,0,1,1,1,1,1,0,1,0,1,0,0,0,0,0,1,0,1
229,1,1,0,0,1,1,1,0,0,0,0,1,1,0,1,1,1,0,1,0,1,0,1
230,0,1,0,0,1,0,1,0,0,1,0,0,1,1,0,0,1,1,0,1,1,1,0
231,0,1,1,1,1,0,1,1,0,1,1,1,0,1,1,1,1,0,0,0,1,1,0
232,0,0,1,1,0,0,1,1,0,0,1,1,1,0,1,0,1,1,0,1,1,1,1
233,0,0,0,0,0,0,0,0,1,0,0,1,0,0,0,0,1,0,1,0,0,1,0
234,1,1,1,1,1,1,0,1,1,0,0,0,1,1,0,1,0,0,0,1,1,0,0
235,1,0,1,1,1,1,0,1,0,1,1,1,1,0,1,0,1,0,0,1,0,1,1
236,0,0,1,0,0,0,1,0,1,0,1,0,1,0,0,0,0,1,1,1,0,0,0
237,0,0,0,1,0,0,0,1,0,1,0,1,0,1,0,0,1,1,0,0,0,0,0
238,1,1,0,0,1,0,1,1,1,1,1,0,0,1,0,0,0,0,1,0,1,1,0
239,0,1,0,1,1,1,1,1,1,0,0,1,0,1,1,0,1,0,1,0,0,0,0
240,1,1,0,0,0,0,0,0,0,0,1,1,1,1,0,1,0,1,1,0,1,1,0
241,0,1,1,0,0,0,1,1,0,0,0,0,1,1,1,0,1,0,0,1,1,1,1
242,1,0,1,1,1,1,1,1,0,0,1,1,0,0,1,1,1,0,1,0,1,1,0
243,1,0,1,0,1,0,0,0,1,1,0,1,1,0,1,0,0,1,0,0,0,1,0
244,1,0,0,1,1,1,1,1,0,1,1,1,0,0,1,1,0,0,0,0,0,1,0
245,1,1,1,0,0,0,1,0,1,1,1,1,0,0,0,1,0,1,1,0,1,0,0
246,0,1,0,0,1,0,0,1,1,0,0,0,0,1,1,0,0,0,1,0,0,0,1
247,0,1,1,1,0,1,0,0,1,0,0,1,1,1,0,0,1,1,1,1,1,1,0
248,1,1,1,0,0,1,1,0,1,0,0,0,1,0,0,1,0,0,0,1,1,1,0
249,1,0,0,1,1,0,0,1,1,0,1,0,0,0,1,0,0,0,0,1,0,1,1
250,1,0,0,1,1,1,0,0,1,1,0,1,1,0,1,1,1,1,0,0,0,1,1
251,1,0,1,0,0,0,1,0,0,1,1,1,0,0,1,1,1,1,0,1,0,1,1
252,0,1,1,1,0,0,0,1,1,0,0,0,0,0,0,1,0,0,0,0,0,1,0
253,0,1,1,0,1,1,1,0,0,1,0,0,0,0,0,0,0,0,1,0,1,0,0
254,0,1,0,1,0,0,0,1,0,0,1,1,1,0,0,0,0,0,1,1,0,1,0
255,1,0,0,0,1,0,1,0,1,1,0,0,0,0,1,1,1,1,1,1,0,0,1
256,0,1,0,1,1,1,0,0,1,0,1,0,1,1,0,0,0,0,1,0,0,1,0
257,1,1,1,1,0,0,0,1,0,0,1,1,0,0,1,0,0,0,1,1,0,1,0
258,0,1,0,0,1,0,0,1,0,1,1,1,1,1,0,1,1,1,0,1,0,0,0
259,0,1,1,0,1,0,1,1,1,0,1,0,1,0,1,0,1,0,1,0,1,1,1
260,0,1,0,0,0,0,0,1,1,0,0,1,0,1,1,1,1,1,0,0,1,0,1
261,0,1,0,1,0,1,1,1,0,0,1,0,0,0,1,1,1,0,0,1,0,1,1
262,0,0,0,1,0,0,1,1,0,1,0,0,1,0,0,1,0,0,0,0,1,0,0
263,1,1,0,0,1,1,1,1,1,1,0,0,1,0,0,0,1,1,1,0,1,0,0
264,1,0,0,0,0,1,1,1,1,1,1,0,0,0,0,1,1,1,0,0,1,1,0
265,1,0,1,1,0,1,1,1,1,1,1,1,0,0,0,0,1,0,0,1,1,1,0
266,0,1,0,1,1,0,1,1,1,0,0,1,0,1,0,0,1,1,1,1,1,1,0
267,0,1,1,0,0,0,0,0,0,1,0,1,1,0,1,1,1,0,1,0,0,0,0
268,1,1,1,1,1,1,0,0,0,1,1,1,0,1,0,0,1,1,0,0,1,0,0
269,1,1,0,0,1,1,1,0,1,1,0,0,1,1,0,1,1,0,0,0,1,1,0
270,0,0,1,1,0,0,1,1,1,1,0,0,1,0,1,1,0,1,1,1,1,0,0
271,0,0,0,1,1,1,1,0,0,1,1,1,1,1,1,0,1,0,1,1,1,0,1
272,0,0,1,0,1,1,1,1,0,1,0,1,0,0,1,1,0,1,0,0,0,0,1
273,1,0,0,0,0,0,0,1,0,1,1,1,0,1,0,0,0,1,1,0,0,1,0
274,0,0,1,1,0,1,1,0,0,1,0,1,1,0,1,0,0,1,0,1,1,0,1
275,1,0,0,0,0,1,1,0,0,1,0,1,0,0,1,0,1,1,0,0,0,1,1
276,1,0,1,1,0,0,1,0,1,1,0,0,0,1,0,1,0,0,0,0,0,0,0
277,1,0,0,1,0,1,0,0,1,0,1,0,1,1,1,0,0,0,0,1,1,1,0
278,0,1,0,0,0,0,0,0,1,0,1,0,1,0,1,1,0,0,0,0,1,1,1
279,0,0,0,0,0,0,1,0,1,1,0,0,0,1,0,1,1,0,0,1,1,0,0
280,1,0,1,1,1,1,1,0,0,1,0,0,0,1,1,1,0,1,1,0,1,0,1
281,1,0,0,1,1,0,1,1,0,1,1,0,0,1,1,1,1,0,1,1,0,0,0
282,1,0,1,0,0,0,1,0,1,0,1,0,1,1,1,1,1,1,0,1,0,0,1
283,1,0,0,0,1,1,1,0,1,0,0,1,0,0,1,1,1,1,1,1,1,0,1
284,1,1,1,1,0,1,1,1,1,0,1,1,0,0,1,1,1,0,0,0,1,1,1
285,0,0,1,0,1,0,0,0,0,0,1,0,1,0,0,0,0,1,1,0,0,1,0
286,0,1,0,0,0,0,0,0,1,1,0,0,0,1,1,1,0,0,1,1,1,1,0
287,0,1,0,0,0,0,1,1,1,0,0,0,0,0,1,0,0,1,0,0,0,1,1
288,1,0,0,1,0,0,1,1,1,1,0,1,0,0,0,0,0,1,0,1,0,1,0
289,1,0,1,0,0,1,0,1,0,0,1,1,0,1,1,1,1,0,1,1,1,0,1
290,1,1,0,1,1,0,0,0,0,0,0,1,1,1,0,0,1,0,0,0,0,0,0
291,0,1,0,0,1,1,0,1,0,0,1,0,0,1,0,1,1,1,1,0,0,1,0
292,1,1,0,1,0,0,1,1,0,0,1,0,1,1,1,1,1,1,0,1,1,1,1
293,1,1,1,0,1,1,0,1,0,1,1,1,0,0,1,0,1,0,1,1,1,0,0
294,1,0,0,0,0,0,0,0,1,0,0,1,0,0,1,1,1,1,0,1,1,0,1
295,1,1,0,1,1,1,1,1,0,1,1,0,1,0,1,0,0,1,0,1,0,0,1
296,1,1,1,1,1,1,1,0,1,0,0,1,1,0,0,0,1,0,1,0,1,0,0
297,0,1,1,0,0,1,1,0,1,1,1,1,0,1,0,1,1,1,0,0,1,0,0
298,1,1,1,1,0,0,1,0,1,1,1,0,0,1,0,1,1,0,0,1,0,1,0
299,0,0,1,0,0,1,0,0,1,0,0,1,0,1,1,0,1,0,0,0,0,1,1
300,1,1,1,0,1,1,1,1,1,1,0,0,0,1,1,0,1,0,1,0,0,1,0
301,0,1,1,1,1,0,1,0,0,1,1,1,1,0,0,0,0,1,1,1,0,0,0
302,1,0,1,0,0,1,1,0,0,1,1,1,1,0,1,1,1,1,0,1,1,1,1
303,1,0,0,1,1,0,1,0,1,0,0,1,1,0,1,0,1,1,1,1,1,1,1
304,0,0,0,1,0,0,0,0,0,1,0,1,0,0,0,1,0,1,0,1,1,0,0
305,0,0,1,0,1,1,1,0,1,1,0,0,0,0,0,0,1,1,0,1,0,0,0
306,1,1,0,1,1,1,1,1,0,0,0,1,1,1,1,1,1,1,1,1,0,0,0
307,0,0,0,1,1,1,1,1,0,0,0,1,0,1,0,1,1,1,0,1,1,0,0
308,0,1,1,0,0,1,1,1,1,0,0,1,0,1,1,1,1,0,0,0,1,1,1
309,1,1,1,1,1,0,0,1,0,0,0,0,0,1,1,0,0,0,1,1,0,1,1
310,1,0,0,0,1,0,0,0,0,0,0,0,0,1,0,0,1,0,0,0,1,1,0
311,0,1,0,1,0,0,0,1,1,0,1,1,0,0,1,0,0,0,1,1,1,0,1
312,0,0,1,0,1,1,1,0,1,0,0,0,0,0,1,0,0,0,0,1,0,0,0
313,0,1,1,0,0,1,0,1,0,1,1,0,0,0,1,0,0,1,1,1,0,0,1
314,0,0,0,1,1,0,0,0,0,0,0,0,1,0,1,0,0,1,0,0,0,0,1
315,1,1,0,1,1,0,0,1,0,1,1,0,1,1,1,0,1,1,0,1,0,0,1
316,0,1,1,0,0,0,1,1,0,0,0,0,0,1,1,0,0,1,0,0,1,0,0
317,0,1,0,0,1,1,1,1,1,1,1,1,1,1,0,0,0,0,0,0,0,0,0
318,0,1,0,0,0,0,0,1,0,1,0,1,0,1,0,0,1,0,1,1,1,1,0
319,0,1,1,0,1,1,0,0,0,1,1,1,1,1,1,1,0,1,1,0,0,0,1
320,0,0,1,1,1,0,0,0,1,0,0,1,0,0,0,0,1,0,1,0,0,1,0
321,0,1,0,1,0,1,0,1,0,0,0,0,1,1,0,1,0,0,1,0,1,0,0
322,0,1,1,1,0,0,0,1,1,0,1,1,0,0,1,1,0,0,0,1,1,1,1
323,0,1,0,1,1,1,1,1,0,1,0,0,1,1,1,1,1,1,1,1,0,1,1
324,1,1,0,1,0,1,0,1,0,1,1,0,1,0,1,0,0,0,1,0,1,0,0
325,0,0,0,1,1,0,1,1,1,1,0,0,0,0,0,1,0,1,0,0,0,1,0
326,0,0,1,0,0,1,1,1,0,1,0,1,1,1,1,1,0,1,1,0,1,1,1
327,1,0,0,0,1,1,0,1,0,1,1,1,1,0,1,1,1,0,0,0,1,1,1
328,1,0,0,1,0,1,0,0,0,0,1,1,0,0,1,0,1,1,1,1,0,1,0
329,0,0,1,1,1,1,1,0,1,1,1,1,1,0,1,1,1,0,0,1,0,1,1
330,0,1,1,1,1,0,0,1,1,1,1,1,1,1,1,1,1,1,0,0,1,1,1
331,0,0,0,1,1,1,1,1,1,1,1,1,1,1,1,1,0,0,1,1,0,1,0
332,0,0,1,1,1,1,0,0,1,0,1,0,1,1,1,0,0,0,1,1,0,0,1
333,1,0,1,0,1,0,1,0,1,0,0,1,0,1,1,1,0,0,0,1,1,1,0
334,1,0,1,0,1,1,0,1,1,0,0,1,0,1,0,1,1,1,1,0,0,0,0
335,0,1,1,0,0,1,1,1,1,0,0,1,1,1,1,0,1,1,0,1,0,0,1
336,1,1,1,1,1,0,1,0,1,1,1,0,0,1,0,0,0,1,0,0,0,0,0
337,0,0,0,0,0,0,0,1,0,1,1,1,0,0,1,1,0,1,1,1,0,1,1
338,1,1,0,0,1,1,0,0,0,0,0,1,0,1,1,0,1,0,0,1,0,1,0
339,0,1,1,1,1,0,1,0,1,1,0,0,1,1,0,0,1,0,0,1,0,0,0
340,1,0,1,1,1,1,1,1,1,1,1,1,0,0,1,0,0,1,1,1,0,0,1
341,1,1,1,0,1,1,0,0,1,0,1,0,1,1,0,0,0,1,0,0,0,1,0
342,0,1,1,0,1,1,0,0,1,1,0,0,0,0,0,0,0,0,1,0,0,1,0
343,0,1,1,0,1,1,1,0,0,0,1,1,1,1,0,0,0,0,1,0,1,0,0
344,0,1,0,0,1,1,0,0,0,1,0,1,0,0,1,0,1,0,1,1,1,1,1
345,1,1,0,0,1,1,1,1,1,0,1,1,1,1,1,0,0,1,0,1,1,0,0
346,0,0,1,0,1,1,0,0,1,0,1,0,0,0,0,0,0,0,1,1,0,1,0
347,1,0,1,1,1,0,1,1,1,0,1,1,0,0,1,1,0,0,1,1,1,1,1
348,0,1,0,0,0,1,0,1,0,1,0,1,1,1,0,1,0,0,0,0,0,1,0
349,1,0,1,0,0,1,1,0,0,0,1,1,0,0,0,1,0,0,0,1,1,1,0
350,0,1,1,1,1,0,1,0,1,1,1,1,0,0,1,1,0,1,1,0,0,0,1
351,1,0,1,1,1,0,0,1,1,0,0,1,1,0,0,0,0,1,1,1,0,1,0
352,1,0,1,1,1,1,0,1,0,0,1,0,0,1,1,0,1,1,1,1,1,0,0
353,0,1,1,0,0,0,0,0,0,1,0,1,0,0,1,0,0,0,1,0,0,1,1
354,0,1,0,1,1,1,0,0,0,1,0,1,1,1,0,1,1,1,0,1,1,0,0
355,1,1,1,1,0,1,1,1,1,0,0,0,0,0,1,1,1,0,0,1,0,0,1
356,0,0,0,0,0,1,1,0,0,0,1,1,1,1,0,0,0,0,0,1,1,1,0
357,1,1,0,1,1,1,1,1,1,1,0,1,1,1,0,0,0,1,0,0,1,0,0
358,1,1,0,1,0,0,1,1,0,0,1,1,0,1,0,1,1,1,1,0,0,1,0
359,0,0,0,0,1,0,0,0,1,1,0,0,1,0,1,1,0,0,1,1,0,1,0
360,0,0,0,1,0,1,1,1,1,1,0,0,0,1,1,1,0,1,0,0,1,0,1
361,1,1,1,0,1,1,1,0,0,0,1,0,1,1,1,0,1,0,0,1,1,1,1
362,1,0,1,0,1,1,1,1,0,0,0,0,0,0,0,0,1,0,0,0,1,0,0
363,1,1,0,1,1,0,1,1,1,0,1,1,0,0,0,1,1,1,0,0,1,1,0
364,1,0,0,1,0,0,1,0,0,1,1,1,0,1,0,0,1,1,0,0,0,1,0
365,1,1,0,0,0,0,1,0,1,0,1,1,0,0,1,0,1,1,0,0,0,0,1
366,0,1,0,1,0,0,1,0,0,0,0,0,1,1,1,1,1,0,1,1,1,1,0
367,1,1,0,0,0,1,0,1,0,1,0,1,1,0,0,0,1,0,1,0,1,1,0
368,1,0,0,1,0,1,0,0,0,1,1,1,0,1,1,0,0,1,1,1,0,1,1
369,1,1,1,0,1,0,1,1,1,0,1,1,0,0,0,1,1,1,0,1,1,1,0
370,1,0,1,0,0,0,1,1,0,1,0,0,0,0,1,1,1,1,1,0,1,0,1
371,1,0,1,0,1,0,0,1,1,1,1,1,0,1,0,1,1,0,0,0,1,1,0
372,0,1,1,1,1,0,1,0,0,1,0,1,0,0,1,0,1,0,0,0,0,0,0
373,1,0,0,0,0,0,1,1,0,0,1,0,1,0,0,0,0,1,1,1,1,1,0
374,0,0,1,0,1,1,1,0,1,1,1,1,0,1,0,0,0,0,0,1,0,1,0
375,0,1,1,1,1,1,1,0,1,1,0,0,0,1,0,1,0,0,0,1,1,1,0
376,0,0,1,0,0,0,1,1,0,1,1,1,0,0,0,0,1,1,0,1,1,0,0
377,1,0,0,1,0,0,0,1,1,1,1,0,1,0,1,1,0,1,0,1,1,1,1
378,0,1,0,0,1,0,1,0,1,0,0,1,0,0,0,1,1,1,0,1,0,0,0
379,1,0,1,0,1,1,1,1,1,1,1,1,0,0,0,1,0,1,0,1,1,0,0
380,1,0,1,1,1,1,1,1,1,1,1,0,0,1,1,1,1,1,0,0,0,1,0
381,1,0,1,0,0,0,0,1,0,0,1,1,1,1,1,1,0,0,1,0,1,0,1
382,1,1,1,0,1,0,0,0,1,1,1,0,1,1,0,0,0,0,0,1,0,1,0
383,0,0,0,1,1,0,1,1,1,0,0,0,1,0,0,0,0,1,1,0,0,0,0
384,0,1,1,0,1,0,1,0,1,0,0,1,1,0,0,1,1,0,0,0,1,1,0
385,0,1,0,0,1,0,1,0,1,1,1,0,0,0,0,1,0,0,1,0,1,0,0
386,0,0,1,1,1,1,0,0,1,1,0,1,1,1,1,0,1,1,1,0,1,0,1
387,1,0,0,0,1,1,0,1,0,0,0,0,1,1,1,1,1,0,0,1,1,1,0
388,0,1,1,0,0,0,1,1,0,1,0,1,1,0,0,1,1,1,1,0,0,0,0
389,1,0,1,1,0,0,1,1,0,0,1,1,1,1,1,0,1,0,0,1,1,0,1
390,1,0,1,1,1,0,1,0,0,1,0,1,1,1,1,0,1,1,0,1,1,0,1
391,0,0,1,0,1,0,0,0,0,0,1,0,0,0,1,0,1,1,1,0,1,1,1
392,1,0,0,1,1,0,1,0,0,1,1,1,1,0,1,0,1,1,0,1,1,1,0
393,0,1,1,1,1,0,0,0,0,1,0,0,0,0,1,1,0,1,1,0,0,1,1
394,0,0,0,0,0,1,1,0,0,1,0,0,1,1,1,1,0,0,1,0,1,1,1
395,0,1,1,1,1,0,0,0,1,1,0,0,0,1,0,0,0,0,1,0,0,0,0
396,0,1,0,1,1,1,0,1,0,1,0,1,1,0,0,0,1,1,0,1,0,0,0
397,1,1,0,1,0,1,1,1,1,0,1,0,0,1,0,1,0,1,0,0,1,0,0
398,0,1,1,0,0,1,0,1,0,0,0,1,1,1,0,0,1,0,0,1,0,0,0
399,1,0,1,0,0,1,1,0,1,1,1,1,1,1,1,0,0,0,0,1,1,0,1
400,1,1,1,1,1,1,0,0,1,1,1,1,1,0,0,1,0,0,0,1,0,1,0
401,1,0,1,0,1,0,0,0,1,0,1,1,1,0,1,1,1,1,1,0,0,1,0
402,0,0,0,0,1,0,0,1,0,1,1,1,0,1,0,0,0,1,1,0,1,1,0
403,1,0,1,0,1,0,0,1,0,0,0,1,0,1,0,1,1,1,0,0,0,1,0
404,1,0,1,0,1,0,0,0,1,1,0,1,0,0,1,0,0,0,0,0,0,1,1
405,0,0,0,1,1,1,0,1,0,0,0,0,0,1,1,1,0,1,0,0,0,0,1
406,0,0,1,1,1,1,0,0,1,0,0,1,0,1,1,1,1,0,0,0,1,0,1
407,1,1,1,1,0,1,0,0,0,0,1,0,1,1,0,1,1,0,1,1,0,0,0
408,0,1,1,0,1,0,0,1,1,1,0,0,1,1,0,1,0,0,0,0,0,0,0
409,1,1,1,0,1,0,1,1,0,0,0,0,1,0,0,1,0,0,1,1,0,0,0
410,0,1,1,1,1,1,1,0,1,1,1,0,0,0,1,0,1,1,0,1,0,1,0
411,0,0,1,0,1,0,1,0,0,0,0,1,1,1,0,0,1,0,1,1,0,1,0
412,1,0,0,0,0,0,0,1,0,0,1,1,0,1,0,1,0,1,1,0,0,1,0
413,1,0,0,0,1,1,1,1,0,0,0,1,1,1,0,0,0,0,0,0,0,0,0
414,1,0,0,1,1,0,0,0,0,0,1,1,0,0,1,1,0,0,0,0,0,1,1
415,1,1,0,0,1,0,1,1,1,0,0,0,1,0,0,1,0,1,0,0,0,0,0
416,1,1,0,1,1,1,1,1,1,0,1,1,0,0,1,1,1,0,1,0,1,1,1
417,1,0,1,1,0,1,1,1,1,1,0,0,0,1,0,0,0,0,0,0,1,0,0
418,0,1,1,0,0,1,1,1,1,1,1,1,1,1,1,1,0,1,0,0,1,1,1
419,1,0,1,0,1,1,0,0,0,1,1,0,1,1,0,1,1,0,1,1,1,0,0
420,0,1,1,1,0,0,1,0,1,1,0,1,1,0,0,1,0,0,1,0,1,1,0
421,0,0,0,0,1,1,0,1,0,0,1,1,1,0,1,0,0,1,1,1,1,0,0
422,1,0,1,1,1,1,0,0,1,1,1,1,0,0,0,1,0,1,1,1,1,0,0
423,0,1,0,1,0,0,0,0,0,1,0,0,0,1,1,0,0,1,0,1,1,1,1
424,0,1,1,1,1,1,1,0,1,1,1,1,1,0,0,0,1,0,0,0,1,0,0
425,1,1,0,1,1,0,0,1,0,0,1,0,1,1,1,1,0,0,0,1,1,1,1
426,0,1,1,1,0,1,0,0,0,0,0,0,1,0,1,1,0,0,1,1,0,1,0
427,1,1,0,1,1,0,0,0,1,0,0,1,1,1,0,0,0,0,1,1,1,0,0
428,1,1,0,0,1,0,1,1,1,0,0,1,1,1,1,0,1,1,1,1,1,1,1
429,0,1,1,0,1,1,1,1,0,1,1,1,0,0,0,0,1,0,0,0,0,1,0
430,0,0,0,0,1,1,0,0,1,1,0,1,0,0,0,1,1,1,0,1,0,0,0
431,1,0,1,0,1,1,0,1,1,1,1,1,1,1,0,0,0,0,1,0,1,1,0
432,1,1,1,0,0,1,0,0,1,1,0,1,0,1,1,0,1,0,1,1,1,0,0
433,0,0,1,1,0,0,1,1,1,0,0,1,1,0,0,0,0,0,0,1,1,0,0
434,0,0,1,1,1,1,0,1,1,0,0,0,0,1,1,0,0,1,0,1,0,1,1
435,0,1,1,0,0,0,1,1,0,0,1,1,0,0,0,1,0,0,0,1,0,1,0
436,0,1,0,1,1,1,1,1,0,1,1,1,0,0,1,0,0,1,0,1,1,0,1
437,1,0,0,0,0,0,1,1,0,1,1,1,0,1,1,1,0,0,1,0,0,1,0
438,0,1,1,1,0,0,1,0,0,0,0,0,0,1,1,0,0,1,0,1,1,0,1
439,0,1,0,0,1,1,1,1,0,1,1,0,0,1,0,1,0,1,0,1,0,0,0
440,0,1,0,0,1,0,1,0,1,0,0,1,0,0,1,1,0,0,0,0,1,1,1
441,1,1,0,1,0,0,0,0,1,1,1,0,0,1,0,1,0,0,0,1,1,0,0
442,1,0,0,0,0,1,1,0,1,0,1,1,1,0,1,0,1,0,1,1,1,1,0
443,1,1,0,1,1,0,1,1,0,0,0,1,0,1,0,1,0,0,0,0,1,1,0
444,1,1,0,1,0,0,0,0,1,0,0,1,0,0,1,1,1,0,0,1,1,1,1
445,1,0,1,0,1,0,0,0,1,1,1,1,1,1,1,0,0,1,0,1,0,0,1
446,1,1,1,0,1,1,0,0,0,0,0,1,1,1,1,1,0,0,1,1,1,1,1
447,1,1,1,0,1,0,1,1,0,1,0,1,0,0,1,1,1,1,0,1,0,1,0
448,1,0,1,0,1,1,1,1,1,1,1,0,1,0,0,0,0,0,0,1,0,1,0
449,1,0,1,1,0,0,1,0,0,0,0,1,0,1,1,0,1,1,1,0,1,0,1
450,1,1,0,0,1,0,1,1,1,1,0,0,0,0,0,1,0,0,0,1,1,1,0
451,1,0,0,0,0,1,1,0,0,0,1,1,1,0,0,1,0,0,1,0,1,0,0
452,1,1,0,1,1,1,0,1,0,1,0,1,1,0,0,1,0,0,0,1,1,0,0
453,0,1,1,1,1,1,1,1,0,1,1,0,1,0,1,1,1,0,1,0,0,1,1
454,0,1,1,1,0,0,0,1,1,0,1,1,1,0,1,1,0,1,0,1,0,1,0
455,1,0,1,1,1,1,1,0,1,1,0,0,0,1,1,1,1,0,0,0,0,1,1
456,0,0,0,1,0,0,1,1,1,1,0,0,1,0,0,0,0,0,1,1,1,1,0
457,1,0,1,1,0,1,1,1,1,0,1,0,0,1,0,0,0,1,0,0,1,0,0
458,0,1,0,1,1,1,1,0,0,0,1,1,1,1,0,1,1,1,0,0,0,1,0
459,1,0,1,1,1,0,1,0,0,1,0,1,0,1,0,1,0,0,0,0,0,0,0
460,1,0,0,1,1,0,1,1,1,0,1,1,1,1,0,1,1,1,0,0,1,0,0
461,1,1,1,1,0,0,1,0,1,1,0,1,1,1,0,0,1,1,0,1,0,0,0
462,1,0,0,1,0,0,0,1,0,1,0,0,1,0,1,0,1,1,0,0,0,0,1
463,1,0,1,1,0,1,0,1,0,1,1,1,1,0,1,0,0,0,1,1,1,1,0
464,0,0,0,1,0,0,0,0,1,1,0,0,0,0,1,1,0,0,0,0,1,1,1
465,1,1,1,1,0,0,0,1,0,0,0,1,0,0,1,0,1,1,0,1,1,1,1
466,0,1,1,1,1,0,0,0,0,0,0,0,0,0,1,0,0,0,1,0,1,1,1
467,0,1,0,0,0,1,1,1,1,0,0,0,1,0,1,1,1,0,1,1,0,1,0
468,0,0,1,1,0,0,1,1,0,0,1,1,1,1,1,1,1,1,1,1,1,0,1
469,0,0,0,0,1,1,1,0,0,0,0,0,1,0,0,0,0,1,0,1,1,0,0
470,0,0,0,1,0,0,1,1,1,0,0,1,1,0,0,1,1,1,0,0,0,0,0
471,1,0,0,1,1,0,1,1,0,0,0,1,0,1,0,0,1,0,0,0,0,1,0
472,1,0,0,1,1,0,1,1,1,1,1,1,1,0,0,0,0,0,0,1,1,1,0
473,1,1,1,0,1,1,0,1,0,0,0,1,0,1,1,1,0,0,0,1,1,1,1
474,1,1,1,0,1,0,0,0,0,0,1,0,0,1,1,0,1,1,1,1,0,1,0
475,1,1,0,0,1,0,1,0,1,0,0,1,1,1,1,0,1,1,0,0,0,0,1
476,0,1,0,1,1,1,0,0,1,0,1,1,1,1,0,0,0,1,0,1,1,0,0
477,1,1,1,1,1,0,0,1,0,1,0,1,0,1,1,0,0,0,1,1,0,1,0
478,0,0,1,1,0,0,0,1,1,1,0,1,0,1,0,1,1,1,0,0,1,1,0
479,0,0,0,1,1,0,0,1,0,0,1,1,1,1,1,1,0,1,1,1,0,0,1
480,1,1,0,1,0,0,1,0,0,1,1,0,1,0,1,0,1,1,0,0,0,0,0
481,1,0,1,0,0,0,0,1,1,1,0,0,0,1,1,1,1,0,1,0,1,1,1
482,0,0,1,0,0,0,0,1,0,0,1,1,0,0,0,1,1,0,0,0,1,0,0
483,1,1,0,1,1,1,1,1,0,1,0,1,1,0,1,0,0,1,1,0,0,0,0
484,1,1,1,0,0,1,0,1,1,0,0,0,0,1,1,1,1,0,1,1,0,0,1
485,0,1,0,0,0,0,1,1,1,1,0,0,1,0,0,1,0,1,0,0,1,1,0
486,0,0,0,0,1,1,1,0,0,0,1,0,0,1,1,1,1,0,0,0,0,1,1
487,0,1,1,1,0,0,1,1,1,0,1,1,0,0,0,1,1,0,0,1,0,1,0
488,0,0,1,1,1,0,0,1,1,1,1,0,1,1,0,0,1,1,0,0,1,0,0
489,1,1,0,1,1,1,0,0,0,0,1,0,1,0,1,0,1,1,1,1,0,0,1
490,1,1,0,0,1,1,0,1,1,0,0,0,0,1,1,1,0,0,0,1,1,0,0
491,0,0,0,0,0,1,0,1,1,1,1,1,1,0,0,1,1,1,1,1,0,0,0
492,1,0,1,0,0,1,0,0,1,0,0,0,0,0,1,0,1,1,0,1,1,1,1
493,0,0,1,1,0,1,0,1,0,1,1,0,0,1,0,0,1,1,0,0,1,0,0
494,1,1,1,1,1,1,1,1,1,1,0,0,1,1,1,0,1,1,0,0,1,0,1
495,0,0,1,0,1,0,0,1,1,0,1,1,0,0,1,0,1,0,1,0,1,0,0
496,1,1,1,0,0,1,1,0,0,0,0,1,1,0,0,1,0,0,0,0,0,1,0
497,1,0,0,0,1,1,0,0,0,0,1,0,0,1,0,1,0,1,0,1,0,0,0
498,0,0,1,0,1,0,1,0,1,0,0,0,1,1,0,1,0,1,0,0,0,1,0
499,0,1,1,1,0,0,1,1,0,0,1,0,1,0,0,0,0,0,0,1,1,0,0
500,1,1,0,1,0,0,1,1,0,0,1,1,1,0,0,0,1,0,1,1,1,0,0
